Chain,Project,Symbol,Pool_ID,APY,TVL
Fantom,autofarm,FUSDT-WBTC-WETH(TRICRYPTO),7eb37c20-d13b-4e9b-8e8d-018045865e9b,225.05121,"$34,513"
Polygon,smardex,WBTC-SDEX,1cf9a191-e5a6-41a1-9394-78ab1bc17f91,109.78869,"$103,552"
Arbitrum,smardex,WBTC-SDEX,80769b37-9e96-418f-8568-7f00a58b8878,104.67663,"$423,477"
Hydra,hydradex-v3,WBTC-WHYDRA,584f4ed1-3ced-4962-880a-a6f05fd35df8,94.94954,"$60,694"
Polygon,gamma,WBTC-GIDDY,0cdeb95d-b9b0-4600-9393-a67fba277ab9,91.92356,"$298,940"
Arbitrum,kyberswap-elastic,WBTC-JOE,c1b416d5-7580-4e4a-b548-24fcb7d73255,88.71514,"$41,162"
Obyte,oswap-amm,GBYTE-WBTC,21640a2f-346b-43a0-ba3c-e03bb327b64c,60.5571,"$43,652"
Fantom,beethoven-x,WFTM-LZUSDC-LZWETH-LZWBTC,90ed3874-670d-4553-be7e-7edff6d51774,50.23114,"$375,190"
Polygon,hmx,USDC-USDT-WBTC-ETH-MATIC,cf2faa5f-5da1-47ad-925e-d219e4a1fb57,49.23139,"$810,841"
Solana,orca,SOL-WBTC,7331c619-dd89-49fa-9080-3c3c6f81bbe1,41.31456,"$79,938"
Ethereum,vesper,WBTC,d50904e3-23e3-4fac-8676-b3f3e2d9ff1d,40.27,"$114,037"
Polygon,uniswap-v3,WMATIC-WBTC,2cbe6285-7ff3-4985-8930-76b9beb53ee1,39.02807,"$14,801"
Oasis,beefy,WBTC-ROSE,b981d6a9-62be-469d-a842-462d3c6906ab,38.82293,"$64,510"
Arbitrum,gamma,WBTC-USDC,3c56239f-eee7-444b-917f-48e2c7bb647c,36.75206,"$92,384"
Arbitrum,liondex,WBTC-ETH-USDC,ec999890-8f09-4a68-9188-ddd5cef36a45,35.7572,"$519,673"
Polygon,autofarm,WETH-WBTC,97ae35bf-3f09-4b44-bc12-0454bab8a526,35.74967,"$14,825"
Polygon,pearlfi,WBTC-USDR,baa0716b-5bd9-4d43-9070-853fe042a4a2,35.36608,"$1,782,852"
Neo,flamingo-finance,FWBTC-FUSD,b4d2cf53-8daa-4ad7-99d2-09dc1951089c,34.96324,"$1,128,217"
Polygon,beefy,WBTC-USDC,045713e1-b18d-40c4-bf60-5ddbedee1cfe,33.09072,"$63,822"
Polygon,beefy,WBTC-USDR,f12c3a8a-78ec-4e95-85fd-376b31041dc5,31.5553,"$227,178"
Polygon,gamma,WBTC-USDC,30f27dfa-3e55-4864-a81d-1a1926216a4c,31.24344,"$545,568"
Optimism,clipper,ETH-USDC-USDT-WBTC-DAI-LINK-OP,d9c5ad98-0130-41be-a041-9e2555424326,29.08423,"$688,726"
Optimism,beefy,WBTC-WETH-USDC-USDT-DAI-OP-LINK-SNX,5174e732-0f55-40d1-9ad3-cdb4853b3eae,28.87727,"$51,505"
Ethereum,beefy,MULTIBTC-SBTC-WBTC,5af6e1cd-920c-4abf-8046-8473aaee93ab,26.85655,"$44,069"
Fantom,beethoven-x,WFTM-AXLWBTC-ERN-AXLWETH,24f90ada-31d6-4176-b1a6-e1d0b6efd279,26.52234,"$81,407"
Polygon zkEVM,gamma,USDC-WBTC,d921edcf-4993-42a8-8c14-909cfb65ec20,25.77596,"$151,563"
Polygon,kyberswap-elastic,WBTC-TBTC,d9ec6fcd-f154-44b3-917f-b8c1086b1167,23.64891,"$263,297"
Ethereum,smardex,WBTC-WETH,bb7af6b8-a165-4dc4-8c6b-36843df70174,22.13018,"$2,858,371"
Polygon,gamma,WBTC-MAI,9453680a-208f-466f-a200-ade6d4b49baa,20.94417,"$10,019"
Polygon,beefy,CRV-DAI-USDC-USDT-WBTC-ETH,947ccf47-5fbc-48a2-8906-4cf940b51e3b,20.48567,"$663,413"
Cronos,vvs-finance,WBTC-USDT,b9c0d615-b3f8-4f04-9046-c70bb089ea31,19.36444,"$15,905"
Moonbeam,beefy,WBTCWH,294ba7d2-9503-42c6-8e02-61ddd6619d55,19.36011,"$52,484"
Neo,flamingo-finance,FLM-FWBTC,4a00e2bc-9c2a-4556-a33e-205391bcde4e,19.17147,"$1,841,175"
Ethereum,convex-finance,BADGER-WBTC,36786ce1-d170-4f05-82b1-7d67a401d5a1,18.16871,"$467,160"
Hydra,hydradex-v3,WBTC-ETH,851cb056-7ef2-4c64-9e2e-64205ea762b9,18.13282,"$190,687"
Polygon zkEVM,gamma,USDC-WBTC,3c50e3c3-8707-46ed-893e-09e7a05a6b9e,17.99206,"$38,206"
Polygon,gamma,WBTC-USDC,db4b553c-acfb-4f11-b0a5-f919d94f51fd,17.30921,"$137,241"
Optimism,kyberswap-elastic,WBTC-USDT,0116f2cb-8a13-4db0-912b-7c51b0ef3ad0,16.57618,"$353,691"
Ontology,wing-finance,PWBTC,656de45e-8997-49cb-9ad3-3cc1f78133fc,16.18307,"$756,100"
Osmosis,osmosis-dex,WBTC-OSMO,e9fb2209-3b4a-467e-ad28-e9ecf0ead1d9,16.09784,"$7,043,383"
Optimism,kyberswap-elastic,WSTETH-WBTC,0c03ee85-d063-4daf-be7a-d245ecd616c0,15.92993,"$491,594"
Hedera,saucerswap,WBTC[HTS]-HBAR,6958b680-7ffa-48df-9dcc-9af9034beaf3,15.24085,"$326,023"
Ethereum,yearn-finance,CRVUSDTWBTCWETH,faffa839-9797-404b-89c1-475b81e4afb0,14.38264,"$736,146"
Polygon,clipper,USDC-ETH-USDT-MATIC-DAI-WBTC,69519709-c16a-4b4c-a4b7-50309ef9f832,14.3653,"$237,926"
Avalanche,joe-v2,WBTC.E-BTC.B,ee566e84-268c-4c72-a232-e2ce8a4fa164,14.26821,"$15,054"
Ethereum,uniswap-v3,BTC2X-FLI-WBTC,0654a4b1-ffc8-43c9-a18d-82c3859a8dba,14.18448,"$338,659"
Ethereum,uniswap-v3,WBTC-USDC,68de4da9-9e6d-46c6-87a7-927973b30abe,14.03834,"$2,434,693"
Ethereum,yearn-finance,CRVUSDCWBTCWETH,70684610-4bf2-489c-8329-af063de529a6,13.83756,"$108,396,961"
Neo,flamingo-finance,FWBTC-FUSDT,a947e1a6-815f-4c78-a9b6-bd7c9b00d64e,13.3287,"$1,824,546"
Polygon,beefy,MATIC-DAI-USDC-USDT-WBTC-ETH,86b069f5-0806-45e0-9f3d-8a0318bbccb9,13.32253,"$260,499"
Neo,flamingo-finance,BNEO-FWBTC,90a74198-57e9-4105-a604-d739334b69b8,12.88467,"$2,976,999"
Arbitrum,premia,WBTC,6e4f9893-fd64-42f0-8d50-49dbfa543a2c,12.8456,"$479,342"
Optimism,kyberswap-elastic,WBTC-KNC,6ff0e511-1954-4baa-b6a6-accdc88eb215,12.71981,"$71,940"
Ethereum,badger-dao,BADGER-WBTC,bb898c8d-5f87-47ed-a3c0-ee51686b23cb,12.65839,"$285,509"
Polygon,kyberswap-elastic,WBTC-WETH,1062183f-c56d-40ae-bf65-702f41abb367,12.53707,"$951,371"
Avalanche,pangolin,WBTC.E-USDC,c2ab1ddf-fa8c-47cc-b9fb-fd074753d4c1,12.37278,"$234,431"
Arbitrum,kyberswap-elastic,WBTC-WETH,ab847914-c906-4bc8-9a2a-236ff1fbfd8c,12.25153,"$2,502,781"
Ethereum,concentrator,USDC-WBTC-ETH,973117d6-19b3-4c38-ad3f-3590de75fae7,12.22,"$448,412"
Arbitrum,gamma,WBTC-USDC,71d1d2a0-7276-426a-be19-14919a49687a,12.00251,"$82,448"
Ethereum,concentrator,USDT-WBTC-ETH,71c5474f-752f-41f4-bfcf-42e24669b651,11.96,"$7,786,813"
Ethereum,balancer-v2,DNT-WBTC-VEE-KEY-SNT-QSP-WETH,2fc8799b-fa91-412b-83a2-0f226600dfb4,11.9555,"$28,067"
Polygon,uniswap-v3,WMATIC-WBTC,9549729b-b5e7-4daf-a454-297ca7e29d11,11.47483,"$105,481"
NEAR,ref-finance,WNEAR-WBTC,75eaa704-c67e-4c80-9bef-4999b0c0e74e,11.28037,"$202,808"
Polygon,beefy,MATIC-STMATIC-ETH-WBTC-LINK-UNI-AAVE-USDC-USDT-DAI-BUSD,cf75cb9f-dde7-4cf2-998c-cc8cb5c277c2,11.04391,"$1,022,216"
Polygon,uniswap-v3,WBTC-USDC,7c0f68a7-5459-43a0-82ee-7a79ab1f8fb0,11.00569,"$355,774"
Fuse,beefy,WBTC-WETH,b3cad15d-38c1-427d-b035-4a9b3c8d7abf,10.67541,"$198,354"
Ethereum,curve-dex,BADGER-WBTC,8c84fbb4-d73f-49ea-9101-2d760fddee16,10.55585,"$512,125"
Osmosis,apollodao,WBTC-OSMO-VT,7b87819f-c993-44f0-acc1-7c939432f27c,10.47343,"$89,909"
Ethereum,mellow-protocol,WBTC-WETH,2613bd91-b6d1-4dd8-9786-9aec6dbe4605,10.34551,"$115,340"
Carbon,demex,WBTC-SWTH,f0454638-a2db-4db9-8cf4-10a79bbed7d8,10.28691,"$56,580"
Ethereum,pancakeswap-amm-v3,WBTC-RETH,aaea9b9a-45ae-4d2a-bc24-9e4edec6ce18,9.99458,"$367,104"
Ethereum,convex-finance,USDC-WBTC-WETH,e3f71a8e-8f7c-4bc7-b111-f883c48c97af,9.972,"$47,367,602"
Ethereum,stakedao,DAI-ETH-WBTC,3965e619-03ce-463f-b66c-7682aa884250,9.96444,"$435,573"
Ethereum,kyberswap-elastic,WBTC-KNC,523e2bf8-05b1-46c6-a226-046d38412442,9.91397,"$71,999"
Cronos,vvs-finance,WBTC-USDC,6f2c51de-c8a0-480b-b7b5-6272d079a097,9.89984,"$58,940"
Ethereum,convex-finance,USDT-WBTC-WETH,3be97c90-d4a8-42b3-a0d0-2906ae4e9d27,9.72526,"$44,391,418"
Ethereum,beefy,USDC-WBTC-ETH,6b89a0cb-9f6d-4bad-b086-eb823def1e3d,9.4675,"$918,083"
Arbitrum,uniswap-v3,WBTC-USDC,223038c8-7bfa-4fcf-a839-0c4391c17e19,9.2572,"$551,315"
Arbitrum,tender-finance,WBTC,a307f0af-8808-4602-94bf-88eed4b25965,9.03404,"$128,592"
Ethereum,clipper,WBTC-USDC-USDT-DAI-ETH,a0edd673-322a-4be6-967c-2c57a8616147,8.93322,"$9,099,202"
Aurora,trisolaris,NEAR-WBTC,026e2ec6-06b2-467f-a67f-1522932ca028,8.58399,"$215,326"
Aurora,beefy,NEAR-WBTC,c713694a-bd45-45d4-948a-925fb7a28920,8.5316,"$38,257"
Arbitrum,beefy,USDT-WBTC-ETH,d649cc56-3732-4149-bf23-dfdfe3c468df,8.31957,"$3,759,651"
Polygon,meshswap,WETH-WBTC,5ccbf90b-00f9-4c62-87aa-a77d6bbc41a6,8.22349,"$82,893"
Avalanche,gmx,WBTC-ETH-USDC-DAI-FRAX-LINK-UNI-USDT,6a3ddb91-0638-4454-97c1-86dc6d59f32c,8.20849,"$68,209,268"
Ethereum,badger-dao,GRAVIAURA-DIGG-WBTC,7921bf7a-5136-4076-ad5d-e380db286638,8.20261,"$22,680"
Polygon,uniswap-v3,WBTC-USDC,c7277255-b09a-4818-bf30-b46126699730,8.1363,"$2,324,417"
Arbitrum,uniswap-v3,WBTC-USDC,9497e447-3a4a-4103-9059-6dbd36a5c616,8.06497,"$245,150"
Optimism,beefy,WETH-WBTC-USDC-USDT-DAI-OP,e167e275-b0ad-4119-a5d6-965a9341421f,7.9757,"$33,970"
Avalanche,beefy,AVAX-USDCE-USDC-WBTCE-BTCB-USDTE-WETHE,913d9feb-338e-4d43-9807-4aaf845710b0,7.72055,"$938,431"
Ethereum,bella-protocol,WBTC,b30d0d88-dbdf-4961-a2b3-26828e2e17ef,7.67,"$6,464,898"
Polygon,mm-finance-polygon,WBTC-USDC,94c16f4e-30bd-4dcc-8559-6a8af79ab37a,7.51328,"$59,364"
Arbitrum,gmx,WBTC-ETH-USDC-DAI-FRAX-LINK-UNI-USDT,825688c0-c694-4a6b-8497-177e425b7348,7.50763,"$490,332,375"
Polygon,gamma,WBTC-WETH,4fd5a565-5cd9-46fc-a406-b6e427bc6a64,7.20074,"$3,462,418"
Arbitrum,beefy,WETH-WBTC-LINK-UNI-USDCE-USDT-DAI-FRAX,79587734-a461-4f4c-b9e2-c85c70484cf8,7.03192,"$4,444,965"
Polygon,beefy,WBTC-ETH,50abe264-8a7e-4578-a720-70fd5cc7f995,7.02517,"$56,285"
Avalanche,curve-dex,AV3CRV-AVWBTC-AVWETH,43acdd23-dfe1-41a5-ac9d-8726462f0001,6.98438,"$2,548,769"
Avalanche,beefy,DAIE-USDCE-USDTE-WBTCE-WETHE,4c83218d-89d9-4e43-b229-108e20573c1f,6.98438,"$912,765"
Ethereum,concentrator,USDT-WBTC-WETH,4dc0dff1-3f24-46fc-98cc-a20fa678158b,6.87,"$859,162"
Moonbeam,acryptos,WBTC,ab6d8f66-15b5-4fac-a869-3d4231fa4a2d,6.86,"$29,245"
Moonbeam,moonwell-artemis,WBTC,d52a1d62-6c10-4f3c-8c50-8caeef38dc41,6.65935,"$5,337,917"
Arbitrum,3xcalibur,WBTC-LQETH,34ee9e57-0343-4b2b-a710-2535ce3f8b7d,6.53587,"$105,279"
Ethereum,uniswap-v3,WBTC-USDT,2608e751-41d4-47db-9b9c-4bf3a757fc1b,6.38904,"$11,739,725"
Polygon zkEVM,gamma,WETH-WBTC,28517301-ed22-4788-bf78-ac6828007893,6.38132,"$993,050"
Polygon zkEVM,gamma,WETH-WBTC,5df598e9-dfca-4bda-bae6-4d1167e4c657,6.31674,"$180,116"
Polygon,uniswap-v3,WBTC-DAI,0a746cc4-3ba3-4345-a156-b80e1277f125,6.21242,"$11,334"
Ethereum,uniswap-v3,WBTC-USDC,bbecbf69-a4f7-43e3-8b72-de180d106e2c,6.15432,"$35,307,899"
Arbitrum,clipper,USDC.E-ETH-USDT-DAI-WBTC,832ff073-9ad2-4dfc-90d7-6abf64e889d3,6.06926,"$817,052"
Ethereum,curve-dex,USDT-WBTC-WETH,3c2762d6-9c06-4a42-b098-40f9f885ae02,6.05267,"$46,110,910"
Avalanche,joe-v2.1,WBTC.E-BTC.B,6bfd664d-9fa1-46f1-b769-b7f92259f0bf,6.03329,"$1,323,016"
Ethereum,curve-dex,USDC-WBTC-WETH,4c29fa57-dec3-4977-ac87-805b0833235c,5.95733,"$54,157,058"
Ethereum,uniswap-v3,WBTC-WETH,d59a5728-d391-4989-86f6-a94e11e0eb3b,5.78621,"$88,140,028"
Arbitrum,pickle,USDT-WBTC-WETH,e26e1db2-f669-44e2-8a21-3d3b8794f650,5.75773,"$72,731"
Arbitrum,curve-dex,USDT-WBTC-WETH,429bbfd9-1496-4871-9406-b64f3d05f38d,5.73236,"$43,287,181"
Ethereum,convex-finance,USDT-WBTC-WETH,ad3d7253-fb8f-402f-a6f8-821bc0a055cb,5.60399,"$115,322,476"
Arbitrum,curve-dex,WBTC-TBTC,154766d1-36b2-4e64-b746-8be831eaea9c,5.5005,"$643,473"
Ethereum,sommelier,WBTC,5178bb2d-e3e3-4400-ba68-1e2de9b04df0,5.47139,"$3,975,858"
Ethereum,strike,WBTC,4971e4bc-7cb2-45c6-9a91-2777f2f32ee2,5.45726,"$2,248,250"
Ethereum,beefy,USDT-WBTC-ETH,16abac8a-4a4d-4067-b49a-3f0298e279bf,5.29329,"$599,507"
Optimism,gamma,WETH-WBTC,35cf12fd-d9bc-4482-ab6d-5d20e0eee545,5.26344,"$675,373"
Arbitrum,uniswap-v3,WBTC-USDT,76a365b1-2628-4a7a-adad-89488a1b4d89,5.2489,"$156,846"
Arbitrum,sushiswap,WBTC-WETH,4110c7de-fbe6-48e9-9d5a-bf0dd17d70a3,5.2305,"$1,747,268"
Solana,orca,WBTC-WHETH,dec33279-ae35-4ff8-8d69-2ecd3c8a3da5,5.10296,"$43,392"
NEAR,ref-finance,WBTC-ETH,573e8129-98b2-494b-96d5-fe4982aa3122,5.02011,"$386,880"
Arbitrum,lodestar-finance,WBTC,6232765b-955f-4cb2-882f-6333bc24ba8b,4.99339,"$1,689,022"
Ethereum,pancakeswap-amm-v3,WBTC-WETH,ca99ea38-1db3-4df3-90a3-91685cb591c3,4.81979,"$3,258,758"
Polygon,gamma,WBTC-WETH,46141f1a-72bf-444c-aae6-5799db37dd9c,4.76358,"$547,559"
Arbitrum,premia,WBTC,45b0a4ef-652c-4375-8de9-be19754ff01a,4.56418,"$468,373"
Ethereum,thorchain,WBTC-RUNE,2ee0a1a5-558b-4c5a-a7e9-94856399133d,4.38387,"$3,768,922"
Avalanche,beefy,BTCB-WBTCE,dc51ad7d-25c6-4a25-951e-23ae37c39fb4,4.33369,"$13,711"
Ethereum,aura,WBTC-BADGER,bf3e9957-a095-471a-abba-16f2f52b2ac2,4.31511,"$5,171,096"
Avalanche,trader-joe-dex,WBTC.E-WAVAX,c2d169e6-f91d-4d83-b7d3-e8fbb2cfedd9,4.28003,"$393,221"
Ethereum,badger-dao,WBTC-DIGG,a5858c20-881a-462b-961b-bbd0884fbfca,4.22031,"$92,370"
Polygon,uniswap-v3,WBTC-WETH,a0588b97-12c2-4d2a-9735-24da4dde450c,4.19642,"$7,535,770"
Polygon,pickle,WBTC-WETH,d51dbbe7-75de-4528-8067-27cb304665bd,4.12183,"$11,852"
Ethereum,aura,WBTC-DIGG-GRAVIAURA,5a349046-609f-4e4f-9f50-c497ce69cc74,4.09196,"$2,208,132"
Arbitrum,beefy,TBTC-WBTC,a110fee8-eeb9-44ad-bd3c-50ae10cc155a,3.90503,"$760,404"
Cronos,autofarm,WCRO-WBTC,4d81b358-d05a-474f-84a2-2083297997c1,3.87808,"$221,311"
Ethereum,across,WBTC,07d1a9bf-eafe-4a25-8dcc-c687a1d2478a,3.79798,"$3,584,646"
Cronos,beefy,CRO-WBTC,f2f3c91c-e933-47ef-a67d-46499b816bdd,3.78486,"$831,778"
Gnosis,acryptos,WBTC,77ea1650-1d0c-47fd-957c-a60347ea668b,3.67,"$38,166"
Ethereum,curve-dex,USDT-WBTC-WETH,9e4dbe67-f5fc-4428-8e6f-93d464f40a0d,3.51204,"$130,815,864"
Cronos,vvs-finance,WBTC-WCRO,91a5bc7d-da57-44b7-bf8f-059d3e8ee238,3.47836,"$3,204,916"
Tezos,plenty,TZBTC-WBTC.E,572246d7-85ba-497c-b849-b4777cb2901b,3.40923,"$29,845"
Polygon,quickswap-dex,WMATIC-WBTC,33d77bba-8466-4f70-9f16-bac8764e8b39,3.37272,"$14,407"
Polygon,beefy,DAI-USDC-USDT-WBTC-ETH,8fb640d4-9f84-4c46-bbbf-50bac96e548b,3.23221,"$5,525,252"
Ethereum,premia,WBTC,6f7ad224-0ad0-4225-954f-02d1f4623a9b,3.22282,"$41,677"
Ethereum,gearbox,WBTC,d547386b-afe5-4fe1-9b9c-727cfd0088f2,2.99333,"$1,964,415"
Avalanche,autofarm,WAVAX-WBTC.E,7462ab76-f597-4130-91fa-6c6aab3e3e9d,2.95466,"$11,623"
Arbitrum,uniswap-v3,WBTC-WETH,bb7e9353-129f-4e01-b822-f4250d0abb8a,2.94841,"$27,048,361"
Ethereum,unipilot,WBTC-WETH,276a7793-966a-4dd3-b8e8-f60769f21a37,2.93067,"$69,392"
Cronos,autofarm,WBTC-WETH,08fe26ce-886d-4dec-b482-78d18895d89b,2.88629,"$68,227"
Optimism,acryptos,WBTC,ca5d2317-d4f3-4515-a95c-6ca0bd1d0e2d,2.87,"$725,954"
Optimism,arrakis-v1,WETH-WBTC,773effdb-8b06-4151-82cd-770fe083d7ea,2.65321,"$31,106"
Polygon,quickswap-dex,WBTC-WETH,de5d5894-e216-4422-ac71-c10ef5b07331,2.61174,"$1,697,225"
Solana,marginfi,WBTC,0c403f97-3c9c-4184-9fa2-e730db30d417,2.53994,"$16,247"
Arbitrum,ramses-v2,WBTC-WETH,667300f1-a71c-457f-9ee2-a8f9df53e38e,2.47011,"$39,833"
Ethereum,convex-finance,HBTC-WBTC,7b9503c2-4955-40e7-991b-deb6b5461b21,2.37556,"$4,505,683"
Arbitrum,joe-v2.1,WBTC-WETH,316013d2-b4a3-49d8-9bb5-fc97f9f455b3,2.37095,"$144,704"
Ethereum,beefy,TBTC-SBTC-WBTC,5cead04b-f7e3-464b-b62b-741377ab3cba,2.34021,"$349,812"
Polygon,meshswap,OETH-OWBTC,90a03c7e-8789-4ec4-9deb-29cea9a0d3ef,2.29166,"$67,181"
Arbitrum,sentiment,WBTC,be73eb23-c894-4a8f-821c-2cac68157b38,2.21746,"$10,537"
Ethereum,notional,FWBTC,d9b0c9fb-0534-4eab-b1d0-c96e28580b01,2.21515,"$801,126"
Polygon,curve-dex,AM3CRV-AMWBTC-AMWETH,e646248a-065d-4035-a2b3-2b9d1af767cd,2.19771,"$14,720,981"
Ethereum,uniswap-v3,UNI-WBTC,59a2aa0c-b5d5-45b3-a219-8a51ba73858c,2.13033,"$290,804"
Arbitrum,steadefi,WBTC,09615b15-85b1-4491-9a08-d30b46793f0a,2.12345,"$136,184"
Ethereum,uniswap-v3,TBTC-WBTC,96421b44-5695-46ff-b88f-8ef71e8f0593,2.11005,"$609,820"
Optimism,beefy,SBTC-WBTC,07334545-4f3f-4820-9594-576c38ba5823,2.09189,"$869,635"
Ethereum,badger-dao,WBTC-BADGER,c1804bf1-fc8e-4799-810b-03f50ccdc149,2.05189,"$667,496"
Optimism,reaper-farm,WBTC,ff6fcbc2-04ff-4870-95cf-9308f0263e81,2.02013,"$198,143"
Ethereum,notional,FWBTC,b124e478-b4ae-4d8d-ae19-97074c6fc350,2,"$715,238"
Arbitrum,dolomite,WBTC,0464e11e-9c6d-46ab-b16e-a7dbdc71ec9d,1.98046,"$46,282"
Ethereum,merkl,WBTC-WETH,6da82743-d7ae-4283-9c71-816ce6fd4d19,1.92732,"$289,911"
Optimism,sonne-finance,WBTC,5fae807c-8386-4832-9df0-6de05f74374b,1.8771,"$8,408,880"
Polygon,complifi,WBTC,eaeba606-dd79-4d22-84eb-a4ca37233cec,1.81134,"$12,394"
Ethereum,concentrator,WBTC-SBTC,1eb90ea1-0705-42d1-a97e-bca12dd00f34,1.72,"$7,345,382"
Avalanche,pangolin,WBTC.E-WAVAX,8b2563a1-3873-41b4-b855-3c2eda43dca2,1.70052,"$82,284"
Ethereum,paraspace-lending,WBTC,8705d9f5-a9d6-4d6e-9525-cb37bed27c16,1.67817,"$260,740"
NEAR,burrow,WBTC,33905a0e-f5da-4dd8-89b0-c08a6f80bbd0,1.65949,"$654,223"
Ontology,wing-finance,WBTC,3cb18617-d35e-4a66-8e60-cc41cabc9a69,1.63374,"$14,578"
Optimism,reaper-farm,WBTC,e8907925-a4cd-44ea-bc44-32d67cb4e778,1.55059,"$510,545"
Ethereum,uniswap-v3,WBTC-BBTC,bc1e6c20-9bc0-4803-8db6-24e489ad3c22,1.53913,"$219,760"
Arbitrum,badger-dao,WBTC-WETH,b7354ba3-917a-4683-b155-712a72dbdfa0,1.52827,"$194,988"
Arbitrum,beefy,WBTC-WETH,099452f9-37b6-4c00-9706-1bbc5a15ff13,1.48829,"$60,539"
Polygon,unipilot,WBTC-WETHBALANCED,7ed3d4d1-8fd4-4f21-9272-7532c1647fa9,1.48723,"$22,782"
Ethereum,uniswap-v3,WBTC-WETH,c5599b3a-ea73-4017-a867-72eb971301d1,1.45499,"$225,947,410"
Ethereum,convex-finance,WBTC-SBTC,121db150-af43-4d99-bcf0-6c5c64aba7c1,1.41379,"$17,748,177"
Polygon,meshswap,WBTC,d806a07f-2582-4b93-8317-149c870dc306,1.3886,"$1,416,467"
Astar,avault,WBTC-WASTRLP,41a6ea42-188e-4c25-838d-1d2aba93849b,1.36,"$336,861"
Optimism,gamma,WSTETH-WBTC,f8bf9472-4918-4a00-aa1e-bbd55de4e662,1.3541,"$26,230"
Arbitrum,chronos,WBTC-WETH,9c3f4abe-38f9-4d9a-a0e3-76caff7fe4fc,1.3465,"$584,624"
Polygon,quickswap-dex,WBTC-USDC,03fbf237-c088-434e-8d58-5257dcf8b840,1.34537,"$198,119"
Aurora,aurigami,WBTC,de293a32-2aac-41a7-b104-027e9ee2a4d4,1.30945,"$220,912"
Arbitrum,camelot-v2,WBTC-WETH,ccaa1bdc-8576-4d3a-b163-256d161f4eea,1.30882,"$264,138"
Ethereum,beefy,SBTC-WBTC,b8e37a6b-c56f-4276-9dd3-58d71bf9a760,1.29308,"$664,150"
Ethereum,loopring,LRC-WBTC,fe2a11fa-004c-4b55-a5bc-30435598ead4,1.29,"$65,578"
Ethereum,uniswap-v3,WBTC-DAI,6c3c8aca-ad80-45f5-89b6-ff54fd8c564c,1.24222,"$482,840"
Ethereum,uwu-lend,WBTC,8b2684ff-b5a1-43de-8bc4-1a08adfdf781,1.24163,"$5,896,874"
Polygon,quickswap-dex,WBTC-TEL,cbbd2a67-47a4-4928-bc04-2783808c45a3,1.16462,"$276,826"
Ethereum,beefy,WBTC-ETH,d54e0cf8-19fc-422c-b9de-fd7eec37195d,1.15833,"$1,186,977"
Polygon,unipilot,WBTC-WETHBALANCED,3fc35ee1-3263-40b3-908e-c77fbab9093b,1.13894,"$28,540"
Polygon,balancer-v2,WMATIC-WBTC-LINK-WETH-DAI-BAL-1INCH-AAVE,61a2e96d-28a2-4039-bbfb-f4a2c847912a,1.09379,"$28,945"
Algorand,folks-finance-lending,WBTC,43eb5f56-53f6-4679-bd03-8b39a8f90497,1.09,"$39,904"
Ethereum,harvest-finance,WBTC-ETH,62cb0d38-48ea-42da-984d-e69ce1260f42,1.04,"$97,341"
Polygon,sushiswap,WBTC-ZEEM,2b7e4641-a3b9-465b-9273-eb455a3823df,1.02824,"$111,637"
Astar,starlay-finance,WBTC,7b948868-c756-497b-874c-fd3a1a1d96c7,0.95036,"$176,193"
Ethereum,curve-dex,USDT-WBTC-WETH,9abc391b-1ddf-4afb-bced-43dcc26c3fa6,0.94662,"$356,551"
Ethereum,convex-finance,USDT-WBTC-WETH,4a7a3e0b-778e-477b-88e5-f26176d8cecb,0.94662,"$15,335"
Cronos,acryptos,WBTC,90da7938-9a35-47b8-965d-15069197c47f,0.94,"$11,251"
Ethereum,badger-dao,WBTC-DIGG,df99ee89-5e6a-419d-8545-9dc84d1e39fb,0.92056,"$150,243"
NEAR,pembrock-finance,WBTC,efb4f567-ada6-46a7-8b4a-a1da3da51c99,0.92,"$28,361"
Arbitrum,balancer-v2,CRV-WBTC-WSTETH-GDAI-LINK-UNI,61840f76-78ce-4901-86c0-78c528ddcffe,0.91153,"$30,220"
Polygon,sushiswap,TUT-WBTC,99b22a2a-8536-402e-8536-ad80368f510d,0.90293,"$731,663"
Arbitrum,uniswap-v3,WBTC-DAI,aca2c6cf-a198-4abc-8080-484274504b83,0.89641,"$19,943"
Arbitrum,radiant-v2,WBTC,3abdc920-1bba-495d-9f3d-fb11d8cadd4e,0.8467,"$20,949,306"
Ethereum,badger-dao,WBTC-BADGER,138eb985-80b7-4f54-926f-905376a44b23,0.81667,"$698,503"
Osmosis,osmosis-dex,NGM-WBTC,830988fe-3a80-4075-a4db-9d05f0a35586,0.74807,"$21,722"
Polygon,uniswap-v3,WBTC-WETH,726e7de0-289d-4589-9dbf-c04d26115255,0.7345,"$995,344"
Ethereum,curve-dex,WBTC-SBTC,79ca318f-3ed4-4c37-9062-488b1d6e4fff,0.73057,"$21,821,496"
Fantom,reaper-farm,FTM-WBTC-WSTA-WETH-BEETS,87d5266a-ca4e-4af7-a28e-7a49af7538e2,0.73049,"$19,421"
Ethereum,curve-dex,HBTC-WBTC,0621b0d7-07aa-4811-9e26-46799c23f02f,0.71469,"$10,945,817"
Ethereum,gamma,WBTC-WETH,58b851df-f57f-4d19-9299-4f5948f11269,0.70961,"$44,655"
Ethereum,uniswap-v2,WBTC-SYLO,ed6f0486-6024-474c-b204-e647946e9ee6,0.68522,"$186,666"
Ethereum,unipilot,WBTC-WETH,cd3765fa-226c-48e4-a1a8-882297f95a89,0.68037,"$10,374"
Ethereum,badger-dao,WBTC-IBBTC,cf592a51-c784-4704-a360-562e0b45e8fb,0.67134,"$165,030"
Arbitrum,balancer-v2,WBTC-WSTETH-ARB,b53d27b9-ea70-49ad-bb48-ee7ef7d61022,0.66282,"$22,238"
Ethereum,balancer-v2,WBTC-DIGG-GRAVIAURA,5e9e7f86-c301-47ff-9e96-f87b17545e25,0.58399,"$1,526,265"
Ethereum,badger-dao,WBTC-WETH,9c8151be-2055-470a-9cf1-b7bcd59b9a33,0.53498,"$9,654,826"
Arbitrum,balancer-v2,WBTC-WETH-USDC,872bc9c7-5c79-479b-a654-e72b74e4c810,0.53166,"$1,375,144"
Polygon,apeswap-amm,WMATIC-WBTC,1e481622-17e9-41e4-b932-e26f551d5cb1,0.52975,"$208,512"
Avalanche,vector-finance,WBTCE,36fb3a87-ba3c-4232-8d10-c901330cc587,0.50358,"$163,839"
Arbitrum,gamma,WBTC-WETH,1151c47a-5cf3-424b-bfc4-f68ce77b2b52,0.50342,"$11,805"
Polygon,balancer-v2,WBTC-USDC-TEL,2ee287cd-7cd3-4214-857c-248dafd9eb8c,0.49103,"$187,345"
Arbitrum,radiant-v1,WBTC,696153c5-0071-4e36-946d-65cfbfdb267e,0.45846,"$13,137"
Ethereum,wing-finance,WBTC,ddab20e5-0c87-4f7e-8001-295b5396589c,0.45331,"$46,026"
Solana,orca,WBTC-USDC,409066bb-22eb-4c9e-994f-dfcea35e4481,0.45132,"$152,858"
Polygon,balancer-v2,WBTC-USDC-WETH,376a7ef5-cd10-4164-8247-3417c9983f35,0.4019,"$1,336,050"
Ethereum,instadapp,WBTC,a9f396ae-5e78-4333-bbf5-eaaeb36aba35,0.39736,"$29,260"
Arbitrum,arbitrum-exchange-v2,WBTC-WETH,02d18d1e-a5f1-4b82-a3b4-5db11cc36cdd,0.39227,"$49,806"
Ethereum,uniswap-v3,WBTC-BADGER,996c6ebd-5814-4d7f-970e-b8de7860c4ca,0.37638,"$6,006,157"
Aurora,killswitch,WETH-WBTC,f131dfa0-76ce-4232-ba87-90b7d38d875a,0.36535,"$39,595"
Ethereum,uniswap-v2,WBTC-WETH,a1c73c84-39d2-4cf3-b2cc-652853967e5c,0.35801,"$9,629,653"
Ethereum,uniswap-v3,WBTC-AUSD,755dd8f6-009b-4a98-95e0-e36dda6e54c5,0.35751,"$53,175"
Ethereum,yearn-finance,WBTC,d2d71614-b93a-4538-bf60-77ce16f11b1f,0.30896,"$2,778,249"
Ethereum,uniswap-v2,WBTC-BADGER,702aafc0-e1ea-4415-aaca-910bea8ed504,0.30839,"$686,092"
Ethereum,uniswap-v2,WBTC-LOVE,7b540c0f-df49-4da1-a897-fa3204a173f6,0.28437,"$124,795"
Ethereum,sushiswap,WBTC-BADGER,6cb8e902-4df9-4a3c-a114-909f5bcec85d,0.2824,"$765,948"
Gnosis,agave,WBTC,dd25df3d-30ac-41f0-be30-4db35a4d449b,0.28056,"$546,164"
Arbitrum,uniswap-v3,WBTC-WETH,14d11019-8d05-43b9-8ab9-f9baeb9e70fa,0.27776,"$2,645,965"
Polygon,sushiswap,WBTC-WETH,aef02596-2dd1-4ed5-a680-353d632004bb,0.27122,"$462,455"
Ethereum,uniswap-v3,WBTC-RNG,5a688b0d-0104-4ce5-bcc8-1aaba91a7fb1,0.25158,"$378,346"
Arbitrum,stella,WBTC,774462dc-2032-4bf7-a509-445f77cd52ce,0.24184,"$42,007"
Ethereum,premia,WBTC,06e8a9c0-42e5-4928-a17f-15c820331d1b,0.21549,"$17,160"
Ethereum,sushiswap,WBTC-WETH,721c17e7-d8e9-4288-8436-16c27ad264df,0.20385,"$21,319,322"
Avalanche,platypus-finance,WBTC.E,3f972d5a-f680-4e82-952d-a944f992fa18,0.1903,"$237,327"
Optimism,beethoven-x,WBTC-WSTEH-USDC,45db5df2-21e1-4948-9fc6-35f48f05d74e,0.1803,"$70,092"
Ethereum,fraxlend,WBTC,5fcdc831-75b7-4536-9d71-d05dba7643d4,0.15875,"$8,159,445"
Ethereum,uniswap-v3,WBTC-SAITABIT,dfc64d52-9b33-470a-94f4-0cfb8200348a,0.15083,"$2,306,137"
Moonriver,moonwell-apollo,WBTC,f4c81e2d-360a-4d42-a898-ed707a77318a,0.14591,"$25,681"
Ethereum,exactly,WBTC,5c890e6b-2c03-4377-a4bf-a37173d7dadf,0.14225,"$151,606"
Polygon,balancer-v2,WBTC-WETH,dfc2ebc4-8499-4693-9b28-00a0ef88bf3e,0.1338,"$57,359"
Ethereum,morpho-aave,WBTC,ff61171d-d7b0-4989-816c-b9bf02a15f00,0.12396,"$104,241,389"
Ethereum,notional,NWBTC,d1f41d02-95f3-48f4-a8b8-96d7d57b4372,0.12252,"$1,605,147"
Arbitrum,joe-v2.1,SVBTC-WBTC,21094cb9-ae0a-4104-9d0a-5f97e9de49b5,0.0931,"$219,848"
Optimism,aave-v3,WBTC,e053590b-54f1-40aa-ae0d-14e701ca734c,0.08974,"$16,647,785"
Optimism,beefy,WBTC,e5f45aa7-437e-4c35-8beb-9012bab859c5,0.08125,"$400,205"
Ethereum,aave-v2,WBTC,40e0d8b7-5eba-4d6c-a3c2-9ac375bcd4bf,0.07597,"$717,783,881"
Ethereum,aave-v3,WBTC,7e382157-b1bc-406d-b17b-facba43b716e,0.07251,"$192,103,672"
Arbitrum,dforce,WBTC,3b5838bd-9135-41f5-bd0b-78ba3dec942a,0.07221,"$661,204"
Ethereum,iron-bank,WBTC,60872ac9-439e-4f43-a938-e0678f3bf28b,0.0721,"$251,206"
Avalanche,iron-bank,WBTC.E,5cc042cb-24c5-4c9b-b7a6-69fafc298795,0.0695,"$79,207"
Ethereum,balancer-v2,WBTC-BADGER,cc5991d6-51c5-49b0-a54d-47c7baf8cac4,0.06498,"$5,546,749"
Ethereum,verse,WBTC-WETH,8436e41f-246e-466c-b37f-16c3791adce2,0.06129,"$2,229,001"
Polygon,vesper,WBTC,11a1b5e8-5243-43c5-867a-8cd9a0ef5e6e,0.06,"$11,393"
Tezos,plenty,WBTC.E-CTEZ,38f541e9-bdad-4543-80cb-6cf0b16aa86b,0.05927,"$31,583"
Gnosis,curve-dex,X3CRV-WBTC-WETH,201e92bc-bccb-4a81-9ed2-9829f4f899c9,0.05651,"$523,051"
Cronos,acryptos,WBTC,77ed9bb1-0b65-42b6-8b41-2b6acd1bb294,0.05,"$13,707"
Cronos,tectonic,WBTC,35e04382-92cd-4088-a91f-c76bf1a27498,0.04984,"$6,386,217"
Polygon,curve-dex,AM3CRV-AMWBTC-AMWETH,31b07dfa-1fee-48c0-9e32-f7818dc8cc9d,0.0471,"$77,856"
Arbitrum,aave-v3,WBTC,7c5e69a4-2430-4fa2-b7cb-857f79d7d1bf,0.0441,"$52,893,474"
Polygon,tetu-earn,WBTC,2f0c3d1c-8274-42e9-a022-3a83fdaf519c,0.03799,"$130,615"
Fantom,reaper-farm,WBTC,566998a3-9d35-4e9f-997b-ade2ccfeeb46,0.03129,"$20,801"
Polygon,autofarm,WETH-WBTC,a62ceb52-abaf-491c-a710-c6dc06a04282,0.03027,"$43,498"
Arbitrum,arbitrum-exchange-v3,WBTC-WETH,09a2dc3a-69b2-403e-a476-9ed0dfe8d164,0.02939,"$99,833"
Polygon,arrakis-v1,WBTC-WETH,239ef911-13b5-4b5e-b0fe-fca6dc5b815e,0.02537,"$154,962"
Avalanche,trader-joe-lend,WBTC.E,0aa51e05-821d-419b-be52-63f852c6032e,0.02527,"$904,400"
Avalanche,benqi-lending,WBTC.E,b22a1540-fcdd-424a-95b0-dde0658a298b,0.02363,"$3,934,304"
Ethereum,vesper,WBTC,cb6084f9-b6f1-496e-93f8-5580cad3669f,0.02,"$481,506"
Arbitrum,arbitrum-exchange-v3,WBTC-USDC,7b8459ca-1538-4a5c-b73f-903f7764327f,0.01929,"$152,107"
Ethereum,bancor-v3,WBTC,a4bbf4e6-9b70-4774-817b-410f3f7c0b9b,0.01889,"$6,765,941"
Polygon,aave-v2,WBTC,592a7b4c-d2b2-425f-be53-c7daba371d21,0.01843,"$42,078,875"
Ethereum,compound,WBTC,1d876729-4445-4623-8b6b-c5290db5d100,0.01801,"$397,491,476"
Ethereum,morpho-compound,WBTC,090af9ac-a03f-402a-8d4c-3d08ff0cdfd9,0.01801,"$3,198,429"
Ethereum,balancer-v2,WBTC-WETH,39980ed4-31dd-4216-a7c7-1b878f367807,0.01714,"$2,535,826"
Avalanche,aave-v2,WBTC.E,3fa61e0a-644d-4276-b7c1-15c2097d6dac,0.01572,"$13,236,176"
Polygon,balancer-v2,WBTC-WETH,325f461d-e1ba-4369-a490-e57d1a48396e,0.01375,"$178,914"
Polygon,uniswap-v3,WBTC-WETH,b0f66876-0263-4dbf-8b86-75619fc3d55d,0.01173,"$10,278"
Arbitrum,balancer-v2,WBTC-WSTETH,e7a1b0f5-1e80-4727-aba4-1de8dbbe5832,0.00951,"$105,114"
Polygon,sushiswap,FIT-WBTC,351f2e8d-9f93-4900-8f19-f4b62222ebb2,0.00844,"$388,996"
Polygon,aave-v3,WBTC,58d18059-f1d1-45ed-acd3-f386e98cc506,0.00716,"$37,898,818"
Ethereum,verse,WBTC-USDC,79d79677-037c-4712-ac90-42a7c8047e8e,0.00614,"$361,325"
Avalanche,aave-v3,WBTC.E,2f679893-2049-4972-890f-c17fc6e57c7e,0.00407,"$28,029,021"
Optimism,granary-finance,WBTC,dae4fe36-64aa-4693-b225-74455924eb1e,0.00339,"$2,348,751"
Ethereum,silo-finance,WBTC,48c0dbc6-c8af-405e-a3e3-21c49d2437fa,0.0003,"$26,188"
Optimism,curve-dex,SBTC-WBTC,2a919332-4352-495c-a449-e2fc4459a052,0.00026,"$1,283,196"
Carbon,nitron,WBTC,3a6bec52-ea32-40f8-8d4c-6345f7e96ac6,8e-05,"$371,648"
Ethereum,compound-v3,WBTC,c1ca08e4-d618-415e-ad63-fcec58705469,0,"$265,023,327"
Ethereum,makerdao,WBTC,bd335b46-3daf-4507-adb2-6fd4337ea33b,0,"$127,949,075"
Ethereum,makerdao,WBTC,4dab1166-614a-429a-831f-4af70fd29c7d,0,"$110,594,495"
Ethereum,makerdao,WBTC,0b65cb9f-2c63-40d5-9344-2a867fbfc41a,0,"$33,470,046"
Kava,kava-mint,WBTC,9f035eb1-ec9d-4324-8a9a-333ef47eeeee,0,"$19,082,700"
Polygon,compound-v3,WBTC,a09b9aac-a117-4984-b9e5-62a6f2ff41a1,0,"$17,655,541"
Kava,kava-mint,WBTC,fbd72af4-6f1c-4e6c-99f5-ae4e8d6d6570,0,"$10,009,303"
Ethereum,uniswap-v3,WBTC-FUN,64ed4b48-f973-441c-9750-91eaa567a6a9,0,"$3,361,801"
Ethereum,uniswap-v3,WBTC-LQTY,83fa5c94-0944-413f-a859-65404333ef2a,0,"$3,022,016"
Ethereum,qidao,WBTC,0379058c-b61b-4fff-b829-219506227142,0,"$2,018,736"
Ethereum,uniswap-v3,WBTC-BTCM,b5116573-0ff8-4f1a-829f-718f91e6beba,0,"$1,541,502"
Ethereum,uniswap-v3,ICHI-WBTC,984060e3-12c9-4b9d-ad48-2148d2c084a6,0,"$1,496,955"
Ethereum,badger-dao,WBTC,995fa056-ce31-4d3f-8514-b7017f14f1ed,0,"$1,467,562"
Ethereum,uniswap-v3,WBTC-XSGD,6ba41219-da6b-48ba-a3e8-b16c8ae91a6b,0,"$973,147"
Arbitrum,beefy,WBTC-ETH-USDCE,eb09b9b2-d8d8-413f-9cfa-d9bf38bd5ab5,0,"$702,939"
Arbitrum,compound-v3,WBTC,a29ce33e-5994-486e-b76e-4a52692d2571,0,"$678,087"
Ethereum,uniswap-v3,WBTC-XIDR,51ce8582-247a-4332-8f77-c10d319b3c66,0,"$567,443"
Optimism,dforce,WBTC,53cd39ef-f5d0-43b0-8453-7003ac6a6f59,0,"$507,191"
Ethereum,uniswap-v3,WBTC-INDEXBTC,846d6a4b-9057-447e-90ef-2d03ac03575c,0,"$501,588"
Ethereum,integral,WBTC-WETH,bfc28ca7-203b-47d4-bca4-3a29855ea342,0,"$415,980"
Arbitrum,uniswap-v3,WBTC-ARB,b318f61c-b1b1-4bed-9fcd-421c50dcd1c3,0,"$397,201"
Arbitrum,uniswap-v3,BTC.B-WBTC,febe7e02-249f-4dc5-b6f8-3f8a84038686,0,"$396,286"
Arbitrum,uniswap-v3,FUC-WBTC,ff39d871-2d69-4be1-be55-788c771df343,0,"$392,728"
Ethereum,bunni,WBTC-BADGER,86876248-f7ff-4442-865b-d9fdc5035e79,0,"$375,664"
Gnosis,balancer-v2,CAGWBTC-WBTC-BB-AG-WBTC,13b37f6c-f780-4e72-b1ec-7e0fbf4cdd6f,0,"$369,483"
Ethereum,uniswap-v3,WBTC-USDC,1529a452-3563-44fa-95f2-08a01baa55ee,0,"$362,174"
Ethereum,uniswap-v2,WBTC-KLONX,0cd6a338-53b4-4ae5-a17c-336365472e0a,0,"$359,108"
Ethereum,dforce,WBTC,6e746861-6cbf-4c08-8905-038b890f2f4f,0,"$355,283"
Ethereum,uniswap-v3,ICHI-WBTC,11ead487-c1bb-4c4c-acdf-03b232375f6c,0,"$291,453"
Ethereum,badger-dao,BADGER-WBTC,88bb4790-b335-42d9-b26c-8d944e421780,0,"$278,241"
Arbitrum,uniswap-v3,WBTC-WETH,2f9ddcb6-1d5c-42f1-afb1-5df054c419f3,0,"$245,111"
Ethereum,sushiswap,BTC2X-FLI-WBTC,2a77baaa-0385-4fd5-84c8-b2339c600d98,0,"$239,099"
Ethereum,sushiswap,WBTC-ROBO,b7a4b19b-50b2-4d98-9a96-901a7af14823,0,"$223,217"
Ethereum,uniswap-v2,WBTC-SAITABIT,e7666270-dd88-42a6-af78-83aec6343e04,0,"$194,705"
Polygon,uniswap-v3,WBTC-USDT,5bcf8b78-052c-4fa2-91cb-3d92542e8d14,0,"$182,009"
Arbitrum,uniswap-v3,WBTC-ARB,743bc349-f8b2-46e1-9f04-a9a19c18cf7c,0,"$180,412"
Ethereum,sushiswap,WBTC-ONEBTC,cc148927-5f55-4af2-9f6b-a96a0a919f0c,0,"$179,126"
Ethereum,integral,WBTC-WETH,7577868b-b861-49e9-821a-db51afd22106,0,"$164,999"
Polygon,balancer-v2,WBTC-USDC-PAXG-WETH,aee73464-6081-4dcd-94c8-4f715878320b,0,"$160,504"
Ethereum,uniswap-v3,WBTC-PDT,973be240-63e2-4893-a78c-a59efc1001d5,0,"$159,207"
Ethereum,sushiswap,WBTC-DIGG,7441c940-16f8-4713-87dd-2b20a65715b1,0,"$155,409"
Ethereum,uniswap-v3,WBTC-WETH,d12f85a6-6684-4b8e-82bd-f47d3a052ace,0,"$152,969"
Ethereum,exactly,WBTC,f15783c6-6364-4656-b858-ba07c3f04f65,0,"$151,606"
Ethereum,exactly,WBTC,13bce7e2-a73c-4d3b-9b63-9288c2948716,0,"$151,606"
Ethereum,exactly,WBTC,8703d5a7-4833-4f06-a06c-e29977cf5724,0,"$151,606"
Polygon,beefy,WBTC-MATIC,4ebb26c1-b36b-492a-af38-566a8ddaa137,0,"$143,731"
Polygon,uniswap-v3,WBTC-BTCPX,422d4caa-31a6-4581-958a-3cff111d81a9,0,"$126,040"
Ethereum,sushiswap,WBTC-IBBTC,7c31336e-813a-4666-a51d-578992588cbc,0,"$119,524"
Polygon,beefy,WBTC-USDC-ETH,9ead24f4-0bb0-458e-8dae-fa7f56a58101,0,"$99,531"
Fantom,beefy,FUSDT-WBTC-ETH,5cf1c33c-678a-4b89-bdb2-333cf7edd14e,0,"$96,621"
Ethereum,loopring,WBTC-ETH,2201b317-f5bc-4ffd-8366-e17f240a3ef1,0,"$84,697"
Polygon,uniswap-v3,WBTC-NEUY,cbe8614c-8d13-4364-a0a2-97a4c0ff4ec9,0,"$83,880"
Ethereum,loopring,WBTC-USDC,b0321796-74eb-425e-a37e-ec9d5096c584,0,"$61,993"
Arbitrum,uniswap-v3,WBTC-USDC,7127db96-afba-4089-8c9d-daa93c116856,0,"$61,229"
Ethereum,uniswap-v3,WBTC-TONCOIN,875cad51-0932-4154-9217-b50a9e4939d4,0,"$60,453"
Ethereum,angle,WBTC,9cf04279-3f63-478b-9ad4-4c732f58a599,0,"$58,776"
Polygon,sushiswap,WBTC-IBBTC,bca3232b-cf75-4f61-8871-1acea0d74b0c,0,"$58,090"
Fantom,beefy,WBTC-FTM,084ebe92-a05e-4b04-93a0-99279f46a324,0,"$57,037"
Ethereum,uniswap-v3,WBTC-ICHI,0bdff086-1a80-48f4-8d5a-9f88cbca7737,0,"$55,481"
Arbitrum,uniswap-v3,WBTC-USDC,71e38ce6-656a-412c-b5b2-7443d37a082e,0,"$55,312"
Arbitrum,beefy,WBTC-ETH,18392197-9828-4b18-9a0a-f277fbbda942,0,"$51,567"
Ethereum,sushiswap,WBTC-SIL,d2a44f3c-99e5-4bd9-bfa9-73215d9a50ca,0,"$47,946"
Polygon,beefy,WBTC-ETH,c8fffc0e-f4db-4878-863b-0b7627d72b96,0,"$47,055"
Polygon,uniswap-v3,WBTC-XWBTC,49b639a6-4c03-4045-b622-1f027a064dd2,0,"$42,835"
Polygon,sushiswap,TURIN-WBTC,71f0e78d-0c7e-470e-9eb4-e8f16cc2cc2f,0,"$36,932"
Fantom,beefy,WBTC,9d989f1d-184f-4a2e-86f5-e8319fb9b4b4,0,"$36,668"
Ethereum,loopring,WBTC-USDT,33f426ac-b07c-4832-b638-85b1446b67aa,0,"$36,661"
Polygon,uniswap-v3,WBTC-AMKT,909d4b76-6b31-4ec5-a8b2-3126bd02de37,0,"$36,457"
Polygon,uniswap-v3,WBTC-INDEXBTC,41bef587-1c25-4940-9c15-65854db59ddc,0,"$36,017"
Ethereum,uniswap-v3,WBTC-XYO,28c5f4b3-eb1b-47be-ae2e-dd5fd8013126,0,"$35,330"
Ethereum,uniswap-v3,WBTC-NII,0bf5510b-1112-4596-b6c4-856cda9c7e5f,0,"$34,110"
Klaytn,kokoa-finance,OWBTC,82ca08b7-34ed-4c39-9e3e-0ce9f603cb72,0,"$32,413"
Polygon,angle,WBTC,360d9ce5-b336-4546-ac2e-5216abdfe31f,0,"$31,121"
Fantom,beefy,USDC-FTM-WBTC-ETH,86947d01-7726-4113-b224-614b6f039df7,0,"$29,930"
Polygon,uniswap-v3,WBTC-WETH,2f47622e-10d4-4d95-9389-073f1f7f5507,0,"$27,492"
Polygon,uniswap-v3,ICHI-WBTC,29fb40cc-b52c-4cb6-a9a5-5929888710a8,0,"$22,779"
Polygon,uniswap-v3,WBTC-USDT,766c775c-2943-48ab-ab2e-ec569c1d14df,0,"$20,961"
Polygon,beefy,IBBTC-WBTC,345cbe1d-413a-4611-89b3-9df407872045,0,"$20,755"
Polygon,quickswap-dex,WBTC-EGG,2373dfa8-2e71-4ac0-b965-ab0523fc2757,0,"$20,033"
Polygon,uniswap-v3,ICHI-WBTC,36849b76-9bf7-455e-8128-1c212fe965a5,0,"$19,792"
Gnosis,swapr,WETH-WBTC,4de732d7-a16f-48d4-afaa-7ef6ea41f9ad,0,"$19,729"
Ethereum,sushiswap,WBTC-LFBTC,9c017c3a-f12e-4942-b28e-a75a6f15d1aa,0,"$19,368"
Ethereum,balancer-v2,DPI-WBTC-WETH,639da759-0a77-41b2-a9d2-5ec6531aebd9,0,"$17,331"
Polygon,dforce,WBTC,976f83d7-fbd2-4d63-a30c-0e9da5a35787,0,"$16,095"
Moonriver,autofarm,ETH-WBTC.ETH,b2d70181-5a53-4980-baf2-33df702e8a91,0,"$16,065"
Avalanche,beefy,WBTCE-AVAX,c910ac65-2bdc-4011-91a3-c7152156b3be,0,"$15,530"
Polygon,uniswap-v3,WBTC-LINK,a2747b26-fb1c-4395-b1cb-5e790f8ebce1,0,"$15,304"
Fantom,beefy,FTM-WBTC-ETH,7b9657f6-97ee-4a0f-a9aa-3ce860647075,0,"$12,460"
Arbitrum,uniswap-v3,WBTC-TBTC,f0e3e18f-fa0a-457e-b3d2-6ce74551c39e,0,"$11,058"
Moonbeam,beefy,WBTCWH-GLMR,136fd826-7737-409a-aa61-89756d31a337,0,"$10,743"
Fantom,beefy,WBTC-ETH,ef163b2c-7c2a-4925-aac1-d384ff5eb0a4,0,"$10,390"
Polygon,uniswap-v3,WBTC-NSFW,dce8eccf-0c13-4223-83ad-0a027a50ba26,0,"$10,080"
Arbitrum,swapr,WBTC-WETH,d280ab81-8b09-400b-917b-556dce7e4e92,0,"$10,016"
